{"count":{"amhart":166,"milbertshofen":48,"ubahn":27,"hasenbergl":24,"harthof":18,"subway":17,"moosach":16,"underground":16,"metro":15,"feldmoching":13,"freimann":12,"schwabing":12,"mvg":11,"architecture":10},"relative_amount":{"amhart":1.0,"milbertshofen":0.2891566265,"ubahn":0.1626506024,"hasenbergl":0.1445783133,"harthof":0.1084337349,"subway":0.1024096386,"moosach":0.0963855422,"underground":0.0963855422,"metro":0.0903614458,"feldmoching":0.078313253,"freimann":0.0722891566,"schwabing":0.0722891566,"mvg":0.0662650602,"architecture":0.0602409639}}