{"count":{"arabellapark":672,"bogenhausen":152,"architecture":100,"sheraton":62,"architektur":44,"hvbtower":36,"hotel":36,"city":34,"sheratonmunich":33,"travel":32,"architecturephotography":32,"maewest":30,"building":25,"hochhaus":24,"ubahn":23,"arabella":23,"art":22,"nature":21,"arabellahaus":20,"mvg":19,"hansimgl\u00fcck":19,"hypovereinsbank":19,"foodporn":19,"food":19,"skyscraper":19,"effnerplatz":18,"archilovers":18,"sheratonhotel":18,"urban":17,"yummy":16,"hypohochhaus":16,"skyline":16,"brutalism":16,"arabellasheraton":15,"westingrand":15,"work":15,"fitness":15,"rosenkavalierplatz":14,"sunrise":14,"westingrandmunich":14,"travelphotography":14,"subway":13,"style":13,"ubahnm\u00fcnchen":12,"u4":12,"fashion":12,"burger":12,"design":12,"fassade":12,"concrete":12,"architecturelovers":12,"westin":12,"lifestyle":11,"lunch":11,"trees":11,"flowers":11,"westinmunich":11,"sushi":11,"munichgram":11,"beton":11,"view":11,"hvb":11,"marienplatz":11,"wolken":11,"travelgram":11,"underground":10,"cinema":10,"burda":10,"dinner":10,"sheratonarabellapark":10,"urbanphotography":10,"cadillac":10,"foodie":10,"architekturfotografie":10,"tower":10,"cityphotography":10,"spa":10},"relative_amount":{"arabellapark":1.0,"bogenhausen":0.2261904762,"architecture":0.1488095238,"sheraton":0.0922619048,"architektur":0.0654761905,"hvbtower":0.0535714286,"hotel":0.0535714286,"city":0.0505952381,"sheratonmunich":0.0491071429,"travel":0.0476190476,"architecturephotography":0.0476190476,"maewest":0.0446428571,"building":0.037202381,"hochhaus":0.0357142857,"ubahn":0.0342261905,"arabella":0.0342261905,"art":0.0327380952,"nature":0.03125,"arabellahaus":0.0297619048,"mvg":0.0282738095,"hansimgl\u00fcck":0.0282738095,"hypovereinsbank":0.0282738095,"foodporn":0.0282738095,"food":0.0282738095,"skyscraper":0.0282738095,"effnerplatz":0.0267857143,"archilovers":0.0267857143,"sheratonhotel":0.0267857143,"urban":0.025297619,"yummy":0.0238095238,"hypohochhaus":0.0238095238,"skyline":0.0238095238,"brutalism":0.0238095238,"arabellasheraton":0.0223214286,"westingrand":0.0223214286,"work":0.0223214286,"fitness":0.0223214286,"rosenkavalierplatz":0.0208333333,"sunrise":0.0208333333,"westingrandmunich":0.0208333333,"travelphotography":0.0208333333,"subway":0.0193452381,"style":0.0193452381,"ubahnm\u00fcnchen":0.0178571429,"u4":0.0178571429,"fashion":0.0178571429,"burger":0.0178571429,"design":0.0178571429,"fassade":0.0178571429,"concrete":0.0178571429,"architecturelovers":0.0178571429,"westin":0.0178571429,"lifestyle":0.0163690476,"lunch":0.0163690476,"trees":0.0163690476,"flowers":0.0163690476,"westinmunich":0.0163690476,"sushi":0.0163690476,"munichgram":0.0163690476,"beton":0.0163690476,"view":0.0163690476,"hvb":0.0163690476,"marienplatz":0.0163690476,"wolken":0.0163690476,"travelgram":0.0163690476,"underground":0.0148809524,"cinema":0.0148809524,"burda":0.0148809524,"dinner":0.0148809524,"sheratonarabellapark":0.0148809524,"urbanphotography":0.0148809524,"cadillac":0.0148809524,"foodie":0.0148809524,"architekturfotografie":0.0148809524,"tower":0.0148809524,"cityphotography":0.0148809524,"spa":0.0148809524}}