{"count":{"au":116,"isar":73,"art":44,"auerdult":32,"auhaidhausen":25,"streetart":23,"nature":22,"flowers":22,"haidhausen":22,"architecture":20,"aum\u00fcnchen":18,"homesweethome":18,"m\u00fcnchenau":17,"giesing":17,"kunst":17,"design":17,"style":17,"fashion":17,"city":17,"stayhome":16,"stayathome":16,"dahoam":15,"handmade":15,"interior":15,"travel":15,"interiordesign":15,"diy":14,"artwork":14,"graffiti":14,"portrait":14,"food":14,"foodporn":14,"sunshine":13,"vintage":13,"auerm\u00fchlbach":13,"autumnvibes":13,"pink":13,"yoga":13,"healthyfood":13,"inspiration":13,"fitness":13,"streetphotography":13,"munichlifestyle":12,"advent":12,"breakfast":12,"loveit":12,"sonne":12,"blumen":12,"natur":12,"illustration":12,"colors":12,"lockdown":12,"river":12,"nofilterneeded":11,"mariahilfplatz":11,"homemade":11,"vegan":11,"lecker":11,"painting":11,"puppy":11,"meinm\u00fcnchen":10,"homeoffice":10,"green":10,"cityphotography":10,"visitmunich":10,"nachhaltig":10,"cute":10,"spaziergang":10,"immobilien":10},"relative_amount":{"au":1.0,"isar":0.6293103448,"art":0.3793103448,"auerdult":0.275862069,"auhaidhausen":0.2155172414,"streetart":0.1982758621,"nature":0.1896551724,"flowers":0.1896551724,"haidhausen":0.1896551724,"architecture":0.1724137931,"aum\u00fcnchen":0.1551724138,"homesweethome":0.1551724138,"m\u00fcnchenau":0.1465517241,"giesing":0.1465517241,"kunst":0.1465517241,"design":0.1465517241,"style":0.1465517241,"fashion":0.1465517241,"city":0.1465517241,"stayhome":0.1379310345,"stayathome":0.1379310345,"dahoam":0.1293103448,"handmade":0.1293103448,"interior":0.1293103448,"travel":0.1293103448,"interiordesign":0.1293103448,"diy":0.1206896552,"artwork":0.1206896552,"graffiti":0.1206896552,"portrait":0.1206896552,"food":0.1206896552,"foodporn":0.1206896552,"sunshine":0.1120689655,"vintage":0.1120689655,"auerm\u00fchlbach":0.1120689655,"autumnvibes":0.1120689655,"pink":0.1120689655,"yoga":0.1120689655,"healthyfood":0.1120689655,"inspiration":0.1120689655,"fitness":0.1120689655,"streetphotography":0.1120689655,"munichlifestyle":0.1034482759,"advent":0.1034482759,"breakfast":0.1034482759,"loveit":0.1034482759,"sonne":0.1034482759,"blumen":0.1034482759,"natur":0.1034482759,"illustration":0.1034482759,"colors":0.1034482759,"lockdown":0.1034482759,"river":0.1034482759,"nofilterneeded":0.0948275862,"mariahilfplatz":0.0948275862,"homemade":0.0948275862,"vegan":0.0948275862,"lecker":0.0948275862,"painting":0.0948275862,"puppy":0.0948275862,"meinm\u00fcnchen":0.0862068966,"homeoffice":0.0862068966,"green":0.0862068966,"cityphotography":0.0862068966,"visitmunich":0.0862068966,"nachhaltig":0.0862068966,"cute":0.0862068966,"spaziergang":0.0862068966,"immobilien":0.0862068966}}