{"count":{"borstei":428,"borsteim\u00fcnchen":69,"moosach":52,"architecture":51,"architektur":36,"art":28,"city":27,"bernhardborst":21,"nature":20,"kunst":19,"yellow":16,"streetphotography":16,"visitmunich":16,"travel":15,"spaziergang":15,"sculpture":15,"architecturephotography":15,"olympiapark":14,"sonne":13,"neuhausen":12,"flowers":12,"denkmalschutz":12,"westfriedhof":11,"munichgram":11,"munich_notes":11,"meinm\u00fcnchen":11,"street":11,"rosengarten":10,"gelb":10,"door":10,"streetart":10,"statue":10,"natur":10,"urban":10,"garden":10},"relative_amount":{"borstei":1.0,"borsteim\u00fcnchen":0.1612149533,"moosach":0.1214953271,"architecture":0.1191588785,"architektur":0.0841121495,"art":0.0654205607,"city":0.0630841121,"bernhardborst":0.0490654206,"nature":0.046728972,"kunst":0.0443925234,"yellow":0.0373831776,"streetphotography":0.0373831776,"visitmunich":0.0373831776,"travel":0.035046729,"spaziergang":0.035046729,"sculpture":0.035046729,"architecturephotography":0.035046729,"olympiapark":0.0327102804,"sonne":0.0303738318,"neuhausen":0.0280373832,"flowers":0.0280373832,"denkmalschutz":0.0280373832,"westfriedhof":0.0257009346,"munichgram":0.0257009346,"munich_notes":0.0257009346,"meinm\u00fcnchen":0.0257009346,"street":0.0257009346,"rosengarten":0.023364486,"gelb":0.023364486,"door":0.023364486,"streetart":0.023364486,"statue":0.023364486,"natur":0.023364486,"urban":0.023364486,"garden":0.023364486}}