{"count":{"denning":91,"bogenhausen":55,"daglfing":15,"schwabing":13,"maxvorstadt":11,"gr\u00fcnwald":10,"johanneskirchen":10,"solln":10,"munichdogs":10,"englschalking":10},"relative_amount":{"denning":1.0,"bogenhausen":0.6043956044,"daglfing":0.1648351648,"schwabing":0.1428571429,"maxvorstadt":0.1208791209,"gr\u00fcnwald":0.1098901099,"johanneskirchen":0.1098901099,"solln":0.1098901099,"munichdogs":0.1098901099,"englschalking":0.1098901099}}