{"count":{"fasangarten":119,"giesing":22,"obergiesing":16,"unterhaching":12,"amisiedlung":10,"cincinnatikino":10,"perlach":10,"immobilien":10},"relative_amount":{"fasangarten":1.0,"giesing":0.1848739496,"obergiesing":0.1344537815,"unterhaching":0.1008403361,"amisiedlung":0.0840336134,"cincinnatikino":0.0840336134,"perlach":0.0840336134,"immobilien":0.0840336134}}