{"count":{"fasanerie":236,"fasaneriesee":46,"feldmoching":38,"see":33,"nature":32,"moosach":32,"lake":27,"sonne":20,"natur":19,"biergarten":14,"naturephotography":13,"sonnenuntergang":13,"travel":12,"relax":11},"relative_amount":{"fasanerie":1.0,"fasaneriesee":0.1949152542,"feldmoching":0.1610169492,"see":0.1398305085,"nature":0.1355932203,"moosach":0.1355932203,"lake":0.1144067797,"sonne":0.0847457627,"natur":0.0805084746,"biergarten":0.0593220339,"naturephotography":0.0550847458,"sonnenuntergang":0.0550847458,"travel":0.0508474576,"relax":0.0466101695}}