{"count":{"forstenried":423,"solln":82,"f\u00fcrstenried":71,"forstenriederpark":65,"nature":50,"wald":46,"obersendling":41,"sendling":37,"thalkirchen":36,"neuried":36,"pullach":29,"forest":26,"naturephotography":23,"immobilien":22,"laim":21,"pasing":19,"natur":18,"gr\u00fcnwald":17,"immobilienmakler":17,"hadern":16,"giesing":16,"sonne":16,"architecture":16,"planegg":16,"trees":15,"forstenriederallee":15,"realestate":15,"running":15,"gauting":14,"sport":14,"schwabing":14,"laufen":13,"gro\u00dfhadern":13,"f\u00fcrstenriedwest":13,"architektur":13,"germering":13,"gr\u00e4felfing":13,"wohnung":12,"sonnenuntergang":12,"tree":12,"starnberg":12,"obermenzing":12,"isar":11,"food":11,"wood":11,"aubing":11,"fussball":10,"team":10,"fitness":10,"lifestyle":10,"maxhof":10,"werbung":10,"maxvorstadt":10,"bogenhausen":10,"untermenzing":10,"haus":10,"dahoam":10},"relative_amount":{"forstenried":1.0,"solln":0.1938534279,"f\u00fcrstenried":0.1678486998,"forstenriederpark":0.1536643026,"nature":0.1182033097,"wald":0.1087470449,"obersendling":0.0969267139,"sendling":0.0874704492,"thalkirchen":0.085106383,"neuried":0.085106383,"pullach":0.0685579196,"forest":0.061465721,"naturephotography":0.0543735225,"immobilien":0.0520094563,"laim":0.0496453901,"pasing":0.0449172577,"natur":0.0425531915,"gr\u00fcnwald":0.0401891253,"immobilienmakler":0.0401891253,"hadern":0.0378250591,"giesing":0.0378250591,"sonne":0.0378250591,"architecture":0.0378250591,"planegg":0.0378250591,"trees":0.0354609929,"forstenriederallee":0.0354609929,"realestate":0.0354609929,"running":0.0354609929,"gauting":0.0330969267,"sport":0.0330969267,"schwabing":0.0330969267,"laufen":0.0307328605,"gro\u00dfhadern":0.0307328605,"f\u00fcrstenriedwest":0.0307328605,"architektur":0.0307328605,"germering":0.0307328605,"gr\u00e4felfing":0.0307328605,"wohnung":0.0283687943,"sonnenuntergang":0.0283687943,"tree":0.0283687943,"starnberg":0.0283687943,"obermenzing":0.0283687943,"isar":0.0260047281,"food":0.0260047281,"wood":0.0260047281,"aubing":0.0260047281,"fussball":0.0236406619,"team":0.0236406619,"fitness":0.0236406619,"lifestyle":0.0236406619,"maxhof":0.0236406619,"werbung":0.0236406619,"maxvorstadt":0.0236406619,"bogenhausen":0.0236406619,"untermenzing":0.0236406619,"haus":0.0236406619,"dahoam":0.0236406619}}