{"count":{"freimann":934,"schwabing":152,"zenith":49,"ubahn":38,"climbing":38,"studentenstadt":34,"englischergarten":34,"bouldern":34,"nature":33,"architecture":31,"dav":30,"klettern":30,"wanndacircus":29,"sonne":27,"sendling":26,"bogenhausen":26,"openair":26,"isar":25,"bouldering":25,"wannda":24,"festival":24,"sonnenuntergang":22,"moosach":21,"milbertshofen":21,"freising":21,"allianzarena":21,"art":20,"pasing":20,"music":20,"motorworld":20,"br":20,"hasenbergl":19,"maxvorstadt":19,"garching":19,"motorworldm\u00fcnchen":19,"bayerischerrundfunk":19,"feldmoching":19,"neuhausen":18,"architektur":18,"sport":18,"natur":17,"kieferngarten":17,"himmel":17,"subway":17,"metro":17,"boulder":17,"aubing":16,"m\u00fcnchenfreimann":16,"work":16,"schwabingfreimann":16,"live":16,"nymphenburg":15,"giesing":15,"bmw":15,"mvg":15,"biergarten":15,"fussball":15,"city":14,"circus":14,"party":14,"u6":14,"graffiti":14,"night":14,"mohrvilla":14,"laim":14,"concert":14,"haidhausen":13,"wolken":13,"underground":13,"allach":13,"konzert":13,"naturephotography":13,"kletterhalle":13,"stusta":13,"immobilien":13,"amhart":12,"training":12,"unterf\u00f6hring":12,"kultur":12,"fr\u00f6ttmaning":12,"ubahnm\u00fcnchen":12,"techno":12,"beer":12,"lights":12,"immobilienmakler":12,"kunst":11,"starnberg":11,"bergamlaim":11,"obermenzing":10,"lehel":10,"team":10,"dachau":10,"ismaning":10,"bezirksausschuss":10,"alteheide":10,"mingaoida":10,"munichsummer":10,"football":10,"dahoam":10,"restaurant":10,"outdoor":10,"tour":10,"electro":10},"relative_amount":{"freimann":1.0,"schwabing":0.1627408994,"zenith":0.0524625268,"ubahn":0.0406852248,"climbing":0.0406852248,"studentenstadt":0.0364025696,"englischergarten":0.0364025696,"bouldern":0.0364025696,"nature":0.0353319058,"architecture":0.0331905782,"dav":0.0321199143,"klettern":0.0321199143,"wanndacircus":0.0310492505,"sonne":0.0289079229,"sendling":0.0278372591,"bogenhausen":0.0278372591,"openair":0.0278372591,"isar":0.0267665953,"bouldering":0.0267665953,"wannda":0.0256959315,"festival":0.0256959315,"sonnenuntergang":0.0235546039,"moosach":0.02248394,"milbertshofen":0.02248394,"freising":0.02248394,"allianzarena":0.02248394,"art":0.0214132762,"pasing":0.0214132762,"music":0.0214132762,"motorworld":0.0214132762,"br":0.0214132762,"hasenbergl":0.0203426124,"maxvorstadt":0.0203426124,"garching":0.0203426124,"motorworldm\u00fcnchen":0.0203426124,"bayerischerrundfunk":0.0203426124,"feldmoching":0.0203426124,"neuhausen":0.0192719486,"architektur":0.0192719486,"sport":0.0192719486,"natur":0.0182012848,"kieferngarten":0.0182012848,"himmel":0.0182012848,"subway":0.0182012848,"metro":0.0182012848,"boulder":0.0182012848,"aubing":0.017130621,"m\u00fcnchenfreimann":0.017130621,"work":0.017130621,"schwabingfreimann":0.017130621,"live":0.017130621,"nymphenburg":0.0160599572,"giesing":0.0160599572,"bmw":0.0160599572,"mvg":0.0160599572,"biergarten":0.0160599572,"fussball":0.0160599572,"city":0.0149892934,"circus":0.0149892934,"party":0.0149892934,"u6":0.0149892934,"graffiti":0.0149892934,"night":0.0149892934,"mohrvilla":0.0149892934,"laim":0.0149892934,"concert":0.0149892934,"haidhausen":0.0139186296,"wolken":0.0139186296,"underground":0.0139186296,"allach":0.0139186296,"konzert":0.0139186296,"naturephotography":0.0139186296,"kletterhalle":0.0139186296,"stusta":0.0139186296,"immobilien":0.0139186296,"amhart":0.0128479657,"training":0.0128479657,"unterf\u00f6hring":0.0128479657,"kultur":0.0128479657,"fr\u00f6ttmaning":0.0128479657,"ubahnm\u00fcnchen":0.0128479657,"techno":0.0128479657,"beer":0.0128479657,"lights":0.0128479657,"immobilienmakler":0.0128479657,"kunst":0.0117773019,"starnberg":0.0117773019,"bergamlaim":0.0117773019,"obermenzing":0.0107066381,"lehel":0.0107066381,"team":0.0107066381,"dachau":0.0107066381,"ismaning":0.0107066381,"bezirksausschuss":0.0107066381,"alteheide":0.0107066381,"mingaoida":0.0107066381,"munichsummer":0.0107066381,"football":0.0107066381,"dahoam":0.0107066381,"restaurant":0.0107066381,"outdoor":0.0107066381,"tour":0.0107066381,"electro":0.0107066381}}