{"count":{"freiham":585,"aubing":87,"germering":65,"neuaubing":63,"pasing":50,"freihamm\u00fcnchen":46,"architecture":34,"architektur":29,"baustelle":28,"westkreuz":27,"puchheim":26,"lochhausen":25,"sonne":25,"training":24,"sonnenuntergang":24,"sport":23,"gr\u00e4felfing":22,"gilching":22,"nature":20,"bildungscampus":20,"natur":19,"skatepark":19,"alling":18,"f\u00fcrstenfeldbruck":18,"wohnungsbau":18,"schule":17,"city":17,"kinder":16,"planegg":16,"laim":15,"motivation":15,"langwied":15,"m\u00f6belh\u00f6ffner":15,"obermenzing":14,"fussball":14,"gauting":14,"h\u00f6ffner":14,"neu":13,"gr\u00f6benzell":13,"kran":13,"team":12,"m\u00fcnchenfreiham":12,"eichenau":12,"aubingerlohe":12,"m\u00fcnchenwest":12,"laufen":11,"streetphotography":11,"gutfreiham":11,"bildung":11,"zukunft":11,"starnberg":11,"landscape":11,"allach":11,"moosach":11,"skate":11,"wohnen":11,"outdoor":10,"freizeit":10,"bildungscampusfreiham":10,"w\u00fcrmtal":10,"ffb":10,"sunshine":10,"blue":10,"naturephotography":10,"spielplatz":10,"travel":10},"relative_amount":{"freiham":1.0,"aubing":0.1487179487,"germering":0.1111111111,"neuaubing":0.1076923077,"pasing":0.0854700855,"freihamm\u00fcnchen":0.0786324786,"architecture":0.0581196581,"architektur":0.0495726496,"baustelle":0.0478632479,"westkreuz":0.0461538462,"puchheim":0.0444444444,"lochhausen":0.0427350427,"sonne":0.0427350427,"training":0.041025641,"sonnenuntergang":0.041025641,"sport":0.0393162393,"gr\u00e4felfing":0.0376068376,"gilching":0.0376068376,"nature":0.0341880342,"bildungscampus":0.0341880342,"natur":0.0324786325,"skatepark":0.0324786325,"alling":0.0307692308,"f\u00fcrstenfeldbruck":0.0307692308,"wohnungsbau":0.0307692308,"schule":0.0290598291,"city":0.0290598291,"kinder":0.0273504274,"planegg":0.0273504274,"laim":0.0256410256,"motivation":0.0256410256,"langwied":0.0256410256,"m\u00f6belh\u00f6ffner":0.0256410256,"obermenzing":0.0239316239,"fussball":0.0239316239,"gauting":0.0239316239,"h\u00f6ffner":0.0239316239,"neu":0.0222222222,"gr\u00f6benzell":0.0222222222,"kran":0.0222222222,"team":0.0205128205,"m\u00fcnchenfreiham":0.0205128205,"eichenau":0.0205128205,"aubingerlohe":0.0205128205,"m\u00fcnchenwest":0.0205128205,"laufen":0.0188034188,"streetphotography":0.0188034188,"gutfreiham":0.0188034188,"bildung":0.0188034188,"zukunft":0.0188034188,"starnberg":0.0188034188,"landscape":0.0188034188,"allach":0.0188034188,"moosach":0.0188034188,"skate":0.0188034188,"wohnen":0.0188034188,"outdoor":0.0170940171,"freizeit":0.0170940171,"bildungscampusfreiham":0.0170940171,"w\u00fcrmtal":0.0170940171,"ffb":0.0170940171,"sunshine":0.0170940171,"blue":0.0170940171,"naturephotography":0.0170940171,"spielplatz":0.0170940171,"travel":0.0170940171}}