{"count":{"f\u00fcrstenried":293,"forstenried":73,"solln":56,"sendling":45,"neuried":40,"obersendling":39,"thalkirchen":31,"pasing":29,"planegg":26,"laim":26,"gr\u00e4felfing":24,"gro\u00dfhadern":22,"f\u00fcrstenriedwest":22,"germering":21,"gauting":20,"schloss":19,"pullach":18,"fu":18,"starnberg":18,"gr\u00fcnwald":17,"aubing":16,"schlossf\u00fcrstenried":16,"schwabing":15,"hadern":15,"immobilienmakler":15,"f\u00fcrstenfeldbruck":14,"giesing":14,"forstenriederpark":13,"martinsried":13,"maxhof":13,"lehel":13,"bogenhausen":13,"maxvorstadt":12,"nature":12,"obermenzing":12,"nymphenburg":12,"architecture":12,"sonne":11,"neuhausen":11,"haus":10,"immobilien":10,"moosach":10,"perlach":10},"relative_amount":{"f\u00fcrstenried":1.0,"forstenried":0.2491467577,"solln":0.1911262799,"sendling":0.1535836177,"neuried":0.1365187713,"obersendling":0.133105802,"thalkirchen":0.1058020478,"pasing":0.0989761092,"planegg":0.0887372014,"laim":0.0887372014,"gr\u00e4felfing":0.0819112628,"gro\u00dfhadern":0.0750853242,"f\u00fcrstenriedwest":0.0750853242,"germering":0.0716723549,"gauting":0.0682593857,"schloss":0.0648464164,"pullach":0.0614334471,"fu":0.0614334471,"starnberg":0.0614334471,"gr\u00fcnwald":0.0580204778,"aubing":0.0546075085,"schlossf\u00fcrstenried":0.0546075085,"schwabing":0.0511945392,"hadern":0.0511945392,"immobilienmakler":0.0511945392,"f\u00fcrstenfeldbruck":0.04778157,"giesing":0.04778157,"forstenriederpark":0.0443686007,"martinsried":0.0443686007,"maxhof":0.0443686007,"lehel":0.0443686007,"bogenhausen":0.0443686007,"maxvorstadt":0.0409556314,"nature":0.0409556314,"obermenzing":0.0409556314,"nymphenburg":0.0409556314,"architecture":0.0409556314,"sonne":0.0375426621,"neuhausen":0.0375426621,"haus":0.0341296928,"immobilien":0.0341296928,"moosach":0.0341296928,"perlach":0.0341296928}}