{"count":{"hadern":751,"gro\u00dfhadern":94,"laim":86,"sendling":79,"pasing":64,"blumenau":38,"schwabing":32,"bier":29,"solln":29,"leben":29,"grosshadern":27,"maxvorstadt":27,"westpark":26,"bogenhausen":26,"planegg":26,"nature":26,"giesing":25,"gr\u00e4felfing":24,"aubing":24,"immobilien":23,"sonne":22,"neuried":22,"moosach":22,"haidhausen":21,"thalkirchen":21,"starnberg":21,"zweifel":21,"natur":20,"gedanken":20,"obersendling":19,"hadernerstern":19,"food":19,"germering":19,"wohnung":19,"lehel":19,"architecture":19,"familie":18,"realestate":18,"forstenried":17,"beer":17,"nymphenburg":17,"hadernerbr\u00e4u":16,"obermenzing":16,"blumen":16,"martinsried":16,"immobilienmakler":16,"dachau":16,"selbstliebe":16,"gr\u00fcnwald":16,"party":15,"bergamlaim":15,"neuhausen":15,"zweifeln":15,"mortalshell":15,"regional":14,"bio":14,"lecker":14,"motivation":14,"f\u00fcrstenfeldbruck":14,"ubahn":14,"f\u00fcrstenried":14,"tsvgro\u00dfhadern":13,"style":13,"schwanthalerh\u00f6he":13,"family":13,"augustiner":13,"allach":13,"architektur":13,"vertrauen":13,"fussball":12,"nachhaltigkeit":12,"haderner":12,"advent":12,"gesund":12,"gr\u00f6benzell":12,"flowers":12,"inspiration":12,"sonnenuntergang":12,"pullach":12,"isar":11,"waldfriedhof":11,"art":11,"nachbarschaft":11,"olching":11,"mvg":11,"perlach":11,"tree":11,"gauting":11,"freude":11,"loslassen":11,"dankbarkeit":10,"nachhaltig":10,"essen":10,"instafood":10,"kleinhadern":10,"sport":10,"kunst":10,"wein":10,"music":10,"dahoam":10,"painting":10,"tradition":10,"garten":10,"gilching":10,"kirche":10,"trudering":10,"wohnen":10,"dorffest":10,"ottobrunn":10,"milbertshofen":10,"gott":10},"relative_amount":{"hadern":1.0,"gro\u00dfhadern":0.1251664447,"laim":0.1145139814,"sendling":0.1051930759,"pasing":0.0852197071,"blumenau":0.0505992011,"schwabing":0.0426098535,"bier":0.0386151798,"solln":0.0386151798,"leben":0.0386151798,"grosshadern":0.0359520639,"maxvorstadt":0.0359520639,"westpark":0.034620506,"bogenhausen":0.034620506,"planegg":0.034620506,"nature":0.034620506,"giesing":0.0332889481,"gr\u00e4felfing":0.0319573901,"aubing":0.0319573901,"immobilien":0.0306258322,"sonne":0.0292942743,"neuried":0.0292942743,"moosach":0.0292942743,"haidhausen":0.0279627164,"thalkirchen":0.0279627164,"starnberg":0.0279627164,"zweifel":0.0279627164,"natur":0.0266311585,"gedanken":0.0266311585,"obersendling":0.0252996005,"hadernerstern":0.0252996005,"food":0.0252996005,"germering":0.0252996005,"wohnung":0.0252996005,"lehel":0.0252996005,"architecture":0.0252996005,"familie":0.0239680426,"realestate":0.0239680426,"forstenried":0.0226364847,"beer":0.0226364847,"nymphenburg":0.0226364847,"hadernerbr\u00e4u":0.0213049268,"obermenzing":0.0213049268,"blumen":0.0213049268,"martinsried":0.0213049268,"immobilienmakler":0.0213049268,"dachau":0.0213049268,"selbstliebe":0.0213049268,"gr\u00fcnwald":0.0213049268,"party":0.0199733688,"bergamlaim":0.0199733688,"neuhausen":0.0199733688,"zweifeln":0.0199733688,"mortalshell":0.0199733688,"regional":0.0186418109,"bio":0.0186418109,"lecker":0.0186418109,"motivation":0.0186418109,"f\u00fcrstenfeldbruck":0.0186418109,"ubahn":0.0186418109,"f\u00fcrstenried":0.0186418109,"tsvgro\u00dfhadern":0.017310253,"style":0.017310253,"schwanthalerh\u00f6he":0.017310253,"family":0.017310253,"augustiner":0.017310253,"allach":0.017310253,"architektur":0.017310253,"vertrauen":0.017310253,"fussball":0.0159786951,"nachhaltigkeit":0.0159786951,"haderner":0.0159786951,"advent":0.0159786951,"gesund":0.0159786951,"gr\u00f6benzell":0.0159786951,"flowers":0.0159786951,"inspiration":0.0159786951,"sonnenuntergang":0.0159786951,"pullach":0.0159786951,"isar":0.0146471372,"waldfriedhof":0.0146471372,"art":0.0146471372,"nachbarschaft":0.0146471372,"olching":0.0146471372,"mvg":0.0146471372,"perlach":0.0146471372,"tree":0.0146471372,"gauting":0.0146471372,"freude":0.0146471372,"loslassen":0.0146471372,"dankbarkeit":0.0133155792,"nachhaltig":0.0133155792,"essen":0.0133155792,"instafood":0.0133155792,"kleinhadern":0.0133155792,"sport":0.0133155792,"kunst":0.0133155792,"wein":0.0133155792,"music":0.0133155792,"dahoam":0.0133155792,"painting":0.0133155792,"tradition":0.0133155792,"garten":0.0133155792,"gilching":0.0133155792,"kirche":0.0133155792,"trudering":0.0133155792,"wohnen":0.0133155792,"dorffest":0.0133155792,"ottobrunn":0.0133155792,"milbertshofen":0.0133155792,"gott":0.0133155792}}