{"count":{"hasenbergl":580,"feldmoching":84,"panzerwiese":56,"moosach":50,"ubahn":49,"milbertshofen":41,"architecture":38,"schwabing":37,"neuperlach":37,"nature":31,"harthof":28,"subway":28,"pasing":26,"amhart":24,"giesing":22,"neuhausen":21,"ubahnm\u00fcnchen":21,"underground":21,"architektur":21,"sendling":20,"freimann":19,"metro":19,"bogenhausen":18,"mvg":18,"laim":18,"maxvorstadt":16,"mira":15,"aubing":15,"allach":15,"gr\u00fcnwald":15,"naturephotography":14,"nymphenburg":13,"dachau":13,"bmw":13,"sonnenuntergang":12,"graffiti":12,"trudering":11,"haidhausen":11,"style":11,"food":11,"freising":11,"karlsfeld":11,"obermenzing":10,"solln":10,"kunst":10,"lerchenau":10,"landscape":10,"blue":10,"u2":10,"bunnyhill":10,"oberschleissheim":10,"berlin":10,"hiphop":10,"architecturephotography":10,"station":10},"relative_amount":{"hasenbergl":1.0,"feldmoching":0.1448275862,"panzerwiese":0.0965517241,"moosach":0.0862068966,"ubahn":0.0844827586,"milbertshofen":0.0706896552,"architecture":0.0655172414,"schwabing":0.0637931034,"neuperlach":0.0637931034,"nature":0.0534482759,"harthof":0.0482758621,"subway":0.0482758621,"pasing":0.0448275862,"amhart":0.0413793103,"giesing":0.0379310345,"neuhausen":0.0362068966,"ubahnm\u00fcnchen":0.0362068966,"underground":0.0362068966,"architektur":0.0362068966,"sendling":0.0344827586,"freimann":0.0327586207,"metro":0.0327586207,"bogenhausen":0.0310344828,"mvg":0.0310344828,"laim":0.0310344828,"maxvorstadt":0.0275862069,"mira":0.025862069,"aubing":0.025862069,"allach":0.025862069,"gr\u00fcnwald":0.025862069,"naturephotography":0.024137931,"nymphenburg":0.0224137931,"dachau":0.0224137931,"bmw":0.0224137931,"sonnenuntergang":0.0206896552,"graffiti":0.0206896552,"trudering":0.0189655172,"haidhausen":0.0189655172,"style":0.0189655172,"food":0.0189655172,"freising":0.0189655172,"karlsfeld":0.0189655172,"obermenzing":0.0172413793,"solln":0.0172413793,"kunst":0.0172413793,"lerchenau":0.0172413793,"landscape":0.0172413793,"blue":0.0172413793,"u2":0.0172413793,"bunnyhill":0.0172413793,"oberschleissheim":0.0172413793,"berlin":0.0172413793,"hiphop":0.0172413793,"architecturephotography":0.0172413793,"station":0.0172413793}}