{"count":{"herzogpark":206,"bogenhausen":79,"isar":27,"interiordesign":20,"realestate":19,"design":18,"englischergarten":18,"immobilienmakler":18,"immobilien":17,"serie":16,"luxury":15,"wohnung":15,"nature":14,"interior":14,"architecture":14,"architektur":13,"lifestyle":12,"villa":12,"style":11,"immobilienverkauf":10,"rtl":10,"highsociety":10},"relative_amount":{"herzogpark":1.0,"bogenhausen":0.3834951456,"isar":0.1310679612,"interiordesign":0.0970873786,"realestate":0.0922330097,"design":0.0873786408,"englischergarten":0.0873786408,"immobilienmakler":0.0873786408,"immobilien":0.0825242718,"serie":0.0776699029,"luxury":0.072815534,"wohnung":0.072815534,"nature":0.067961165,"interior":0.067961165,"architecture":0.067961165,"architektur":0.0631067961,"lifestyle":0.0582524272,"villa":0.0582524272,"style":0.0533980583,"immobilienverkauf":0.0485436893,"rtl":0.0485436893,"highsociety":0.0485436893}}