{"count":{"johanneskirchen":234,"bogenhausen":53,"daglfing":25,"oberf\u00f6hring":20,"englschalking":20,"unterf\u00f6hring":17,"nature":17,"beerencafe":17,"ismaning":12,"immobilienmakler":12,"immobilien":12,"denning":12,"wiedefabrik":12,"tulpengarten":10},"relative_amount":{"johanneskirchen":1.0,"bogenhausen":0.2264957265,"daglfing":0.1068376068,"oberf\u00f6hring":0.0854700855,"englschalking":0.0854700855,"unterf\u00f6hring":0.0726495726,"nature":0.0726495726,"beerencafe":0.0726495726,"ismaning":0.0512820513,"immobilienmakler":0.0512820513,"immobilien":0.0512820513,"denning":0.0512820513,"wiedefabrik":0.0512820513,"tulpengarten":0.0427350427}}