{"count":{"kieferngarten":107,"ubahn":19,"ubahnm\u00fcnchen":17,"freimann":16,"mvg":16,"c2":12,"metro":10},"relative_amount":{"kieferngarten":1.0,"ubahn":0.1775700935,"ubahnm\u00fcnchen":0.1588785047,"freimann":0.1495327103,"mvg":0.1495327103,"c2":0.1121495327,"metro":0.0934579439}}