{"count":{"lerchenau":170,"lerchenauersee":38,"feldmoching":27,"moosach":15,"fasanerie":13,"nature":12,"lake":12,"see":12,"hasenbergl":10},"relative_amount":{"lerchenau":1.0,"lerchenauersee":0.2235294118,"feldmoching":0.1588235294,"moosach":0.0882352941,"fasanerie":0.0764705882,"nature":0.0705882353,"lake":0.0705882353,"see":0.0705882353,"hasenbergl":0.0588235294}}