{"count":{"milbertshofen":771,"schwabing":117,"olympiapark":84,"bmw":76,"moosach":62,"olympiaturm":49,"amhart":48,"hasenbergl":41,"maxvorstadt":40,"architecture":36,"bogenhausen":33,"neuhausen":31,"pasing":31,"nature":31,"olympiaparkm\u00fcnchen":30,"giesing":30,"sendling":29,"bmwwelt":29,"laim":28,"ubahn":28,"immobilien":26,"feldmoching":25,"sonne":23,"immobilienmakler":23,"schwabingwest":22,"haidhausen":22,"freimann":21,"lehel":21,"petuelpark":20,"art":20,"panzerwiese":20,"bmwmuseum":20,"sonnenuntergang":19,"harthof":19,"architektur":19,"nymphenburg":18,"park":18,"petuelring":18,"subway":18,"urban":18,"aubing":17,"trudering":16,"streetphotography":16,"graffiti":15,"oberwiesenfeld":15,"realestate":15,"karlsfeld":15,"bergamlaim":15,"visitmunich":14,"gr\u00fcnwald":14,"blue":14,"naturephotography":14,"wohnung":14,"underground":14,"tree":13,"freising":13,"luitpoldpark":13,"olympia":13,"milbertshofenamhart":13,"work":13,"mvg":13,"design":13,"dachau":13,"city":13,"frankfurterring":12,"obermenzing":12,"pizza":12,"pink":12,"kunst":12,"food":12,"olympiastadion":12,"ubahnm\u00fcnchen":12,"allach":12,"essen":11,"isarvorstadt":11,"fashion":11,"style":11,"spaziergang":11,"olympiadorf":11,"visitbavaria":11,"metro":11,"rap":11,"harlaching":10,"flowers":10,"mira":10,"night":10,"lecker":10,"lifestyle":10,"foodporn":10,"church":10,"kirche":10,"olympiaberg":10,"neuperlach":10,"haus":10,"travel":10,"garching":10,"wohnen":10},"relative_amount":{"milbertshofen":1.0,"schwabing":0.1517509728,"olympiapark":0.1089494163,"bmw":0.0985732815,"moosach":0.0804150454,"olympiaturm":0.0635538262,"amhart":0.0622568093,"hasenbergl":0.0531776913,"maxvorstadt":0.0518806744,"architecture":0.046692607,"bogenhausen":0.0428015564,"neuhausen":0.0402075227,"pasing":0.0402075227,"nature":0.0402075227,"olympiaparkm\u00fcnchen":0.0389105058,"giesing":0.0389105058,"sendling":0.037613489,"bmwwelt":0.037613489,"laim":0.0363164721,"ubahn":0.0363164721,"immobilien":0.0337224384,"feldmoching":0.0324254215,"sonne":0.0298313878,"immobilienmakler":0.0298313878,"schwabingwest":0.0285343709,"haidhausen":0.0285343709,"freimann":0.0272373541,"lehel":0.0272373541,"petuelpark":0.0259403372,"art":0.0259403372,"panzerwiese":0.0259403372,"bmwmuseum":0.0259403372,"sonnenuntergang":0.0246433204,"harthof":0.0246433204,"architektur":0.0246433204,"nymphenburg":0.0233463035,"park":0.0233463035,"petuelring":0.0233463035,"subway":0.0233463035,"urban":0.0233463035,"aubing":0.0220492866,"trudering":0.0207522698,"streetphotography":0.0207522698,"graffiti":0.0194552529,"oberwiesenfeld":0.0194552529,"realestate":0.0194552529,"karlsfeld":0.0194552529,"bergamlaim":0.0194552529,"visitmunich":0.0181582361,"gr\u00fcnwald":0.0181582361,"blue":0.0181582361,"naturephotography":0.0181582361,"wohnung":0.0181582361,"underground":0.0181582361,"tree":0.0168612192,"freising":0.0168612192,"luitpoldpark":0.0168612192,"olympia":0.0168612192,"milbertshofenamhart":0.0168612192,"work":0.0168612192,"mvg":0.0168612192,"design":0.0168612192,"dachau":0.0168612192,"city":0.0168612192,"frankfurterring":0.0155642023,"obermenzing":0.0155642023,"pizza":0.0155642023,"pink":0.0155642023,"kunst":0.0155642023,"food":0.0155642023,"olympiastadion":0.0155642023,"ubahnm\u00fcnchen":0.0155642023,"allach":0.0155642023,"essen":0.0142671855,"isarvorstadt":0.0142671855,"fashion":0.0142671855,"style":0.0142671855,"spaziergang":0.0142671855,"olympiadorf":0.0142671855,"visitbavaria":0.0142671855,"metro":0.0142671855,"rap":0.0142671855,"harlaching":0.0129701686,"flowers":0.0129701686,"mira":0.0129701686,"night":0.0129701686,"lecker":0.0129701686,"lifestyle":0.0129701686,"foodporn":0.0129701686,"church":0.0129701686,"kirche":0.0129701686,"olympiaberg":0.0129701686,"neuperlach":0.0129701686,"haus":0.0129701686,"travel":0.0129701686,"garching":0.0129701686,"wohnen":0.0129701686}}