{"count":{"ramersdorf":444,"perlach":101,"giesing":69,"neuperlach":58,"bergamlaim":36,"haidhausen":36,"trudering":30,"ramersdorfperlach":29,"bogenhausen":28,"church":23,"nature":21,"schwabing":19,"kirche":19,"sonnenuntergang":19,"mariaramersdorf":18,"architecture":18,"pasing":17,"riem":17,"sonne":17,"natur":17,"m\u00fcnchenost":16,"ramersdorfm\u00fcnchen":15,"sendling":15,"ostpark":15,"art":14,"altperlach":14,"ottobrunn":14,"immobilien":14,"waldperlach":13,"harlaching":13,"architektur":13,"wohnung":13,"immobilienmakler":13,"lehel":12,"kunst":12,"ostbahnhof":12,"naturephotography":12,"sunshine":12,"werksviertel":12,"unterhaching":11,"laim":11,"graffiti":11,"urban":11,"neuhausen":10,"sonnenschein":10,"flowers":10,"karlpreisplatz":10,"haus":10,"taufkirchen":10,"wallfahrtskirche":10},"relative_amount":{"ramersdorf":1.0,"perlach":0.2274774775,"giesing":0.1554054054,"neuperlach":0.1306306306,"bergamlaim":0.0810810811,"haidhausen":0.0810810811,"trudering":0.0675675676,"ramersdorfperlach":0.0653153153,"bogenhausen":0.0630630631,"church":0.0518018018,"nature":0.0472972973,"schwabing":0.0427927928,"kirche":0.0427927928,"sonnenuntergang":0.0427927928,"mariaramersdorf":0.0405405405,"architecture":0.0405405405,"pasing":0.0382882883,"riem":0.0382882883,"sonne":0.0382882883,"natur":0.0382882883,"m\u00fcnchenost":0.036036036,"ramersdorfm\u00fcnchen":0.0337837838,"sendling":0.0337837838,"ostpark":0.0337837838,"art":0.0315315315,"altperlach":0.0315315315,"ottobrunn":0.0315315315,"immobilien":0.0315315315,"waldperlach":0.0292792793,"harlaching":0.0292792793,"architektur":0.0292792793,"wohnung":0.0292792793,"immobilienmakler":0.0292792793,"lehel":0.027027027,"kunst":0.027027027,"ostbahnhof":0.027027027,"naturephotography":0.027027027,"sunshine":0.027027027,"werksviertel":0.027027027,"unterhaching":0.0247747748,"laim":0.0247747748,"graffiti":0.0247747748,"urban":0.0247747748,"neuhausen":0.0225225225,"sonnenschein":0.0225225225,"flowers":0.0225225225,"karlpreisplatz":0.0225225225,"haus":0.0225225225,"taufkirchen":0.0225225225,"wallfahrtskirche":0.0225225225}}