{"count":{"studentenstadt":379,"stustaculum":54,"stusta":47,"festival":38,"ubahn":36,"freimann":31,"music":21,"mvg":20,"olympiapark":19,"englischergarten":18,"party":18,"u6":17,"schwabing":16,"ubahnm\u00fcnchen":16,"architecture":16,"studentenleben":15,"student":14,"underground":13,"metro":13,"night":13,"manhattan":13,"erasmus":13,"olympiaturm":11,"bier":11,"nature":11,"skyline":11,"rooftop":11,"beer":11,"city":11,"olympischesdorf":10,"olydorf":10,"concert":10,"mvgm\u00fcnchen":10,"lmu":10,"studentenstadtm\u00fcnchen":10,"studentlife":10,"architektur":10},"relative_amount":{"studentenstadt":1.0,"stustaculum":0.1424802111,"stusta":0.1240105541,"festival":0.1002638522,"ubahn":0.0949868074,"freimann":0.0817941953,"music":0.055408971,"mvg":0.0527704485,"olympiapark":0.0501319261,"englischergarten":0.0474934037,"party":0.0474934037,"u6":0.0448548813,"schwabing":0.0422163588,"ubahnm\u00fcnchen":0.0422163588,"architecture":0.0422163588,"studentenleben":0.0395778364,"student":0.036939314,"underground":0.0343007916,"metro":0.0343007916,"night":0.0343007916,"manhattan":0.0343007916,"erasmus":0.0343007916,"olympiaturm":0.0290237467,"bier":0.0290237467,"nature":0.0290237467,"skyline":0.0290237467,"rooftop":0.0290237467,"beer":0.0290237467,"city":0.0290237467,"olympischesdorf":0.0263852243,"olydorf":0.0263852243,"concert":0.0263852243,"mvgm\u00fcnchen":0.0263852243,"lmu":0.0263852243,"studentenstadtm\u00fcnchen":0.0263852243,"studentlife":0.0263852243,"architektur":0.0263852243}}