{"count":{"untermenzing":409,"allach":168,"obermenzing":112,"pasing":77,"moosach":54,"aubing":45,"dachau":37,"karlsfeld":36,"laim":35,"nymphenburg":32,"nature":28,"immobilienmakler":28,"w\u00fcrm":28,"schwabing":25,"immobilien":25,"neuhausen":24,"lochhausen":23,"wohnung":19,"natur":18,"germering":17,"feldmoching":16,"gr\u00f6benzell":15,"langwied":15,"blutenburg":15,"maxvorstadt":15,"f\u00fcrstenfeldbruck":14,"allachuntermenzing":14,"dahoam":14,"haus":14,"neubau":14,"menzing":13,"fussball":13,"gr\u00fcnwald":13,"sendling":13,"gr\u00e4felfing":13,"biergarten":13,"sonne":12,"olching":12,"bogenhausen":12,"immobilienverkauf":12,"realestate":12,"solln":12,"wohnen":12,"inselm\u00fchle":12,"angerlohe":11,"immobilie":11,"haidhausen":11,"makler":11,"immobilienmaklerm\u00fcnchen":11,"forstenried":11,"architecture":10,"starnberg":10,"immobilienm\u00fcnchen":10},"relative_amount":{"untermenzing":1.0,"allach":0.4107579462,"obermenzing":0.2738386308,"pasing":0.1882640587,"moosach":0.1320293399,"aubing":0.1100244499,"dachau":0.0904645477,"karlsfeld":0.0880195599,"laim":0.0855745721,"nymphenburg":0.0782396088,"nature":0.0684596577,"immobilienmakler":0.0684596577,"w\u00fcrm":0.0684596577,"schwabing":0.0611246944,"immobilien":0.0611246944,"neuhausen":0.0586797066,"lochhausen":0.0562347188,"wohnung":0.0464547677,"natur":0.04400978,"germering":0.0415647922,"feldmoching":0.0391198044,"gr\u00f6benzell":0.0366748166,"langwied":0.0366748166,"blutenburg":0.0366748166,"maxvorstadt":0.0366748166,"f\u00fcrstenfeldbruck":0.0342298289,"allachuntermenzing":0.0342298289,"dahoam":0.0342298289,"haus":0.0342298289,"neubau":0.0342298289,"menzing":0.0317848411,"fussball":0.0317848411,"gr\u00fcnwald":0.0317848411,"sendling":0.0317848411,"gr\u00e4felfing":0.0317848411,"biergarten":0.0317848411,"sonne":0.0293398533,"olching":0.0293398533,"bogenhausen":0.0293398533,"immobilienverkauf":0.0293398533,"realestate":0.0293398533,"solln":0.0293398533,"wohnen":0.0293398533,"inselm\u00fchle":0.0293398533,"angerlohe":0.0268948655,"immobilie":0.0268948655,"haidhausen":0.0268948655,"makler":0.0268948655,"immobilienmaklerm\u00fcnchen":0.0268948655,"forstenried":0.0268948655,"architecture":0.0244498778,"starnberg":0.0244498778,"immobilienm\u00fcnchen":0.0244498778}}