{"count":{"westend":415,"schwanthalerh\u00f6he":70,"munichfood":26,"art":25,"architecture":21,"theresienwiese":20,"westendm\u00fcnchen":20,"streetart":20,"laim":19,"sendling":19,"kunst":17,"food":15,"foodporn":14,"city":13,"schwabing":13,"westpark":13,"neuhausen":12,"maxvorstadt":12,"m\u00fcnchenblog":12,"vegan":12,"foodblogger":12,"coffee":11,"pasing":11,"augsburg":11,"westendbestend":11,"foodie":11,"streetphotography":11,"frankfurt":10,"spaziergang":10,"munichfoodguide":10,"restaurant":10,"architektur":10},"relative_amount":{"westend":1.0,"schwanthalerh\u00f6he":0.1686746988,"munichfood":0.0626506024,"art":0.0602409639,"architecture":0.0506024096,"theresienwiese":0.0481927711,"westendm\u00fcnchen":0.0481927711,"streetart":0.0481927711,"laim":0.0457831325,"sendling":0.0457831325,"kunst":0.0409638554,"food":0.0361445783,"foodporn":0.0337349398,"city":0.0313253012,"schwabing":0.0313253012,"westpark":0.0313253012,"neuhausen":0.0289156627,"maxvorstadt":0.0289156627,"m\u00fcnchenblog":0.0289156627,"vegan":0.0289156627,"foodblogger":0.0289156627,"coffee":0.0265060241,"pasing":0.0265060241,"augsburg":0.0265060241,"westendbestend":0.0265060241,"foodie":0.0265060241,"streetphotography":0.0265060241,"frankfurt":0.0240963855,"spaziergang":0.0240963855,"munichfoodguide":0.0240963855,"restaurant":0.0240963855,"architektur":0.0240963855}}