{"count":{"altperlach":151,"perlach":60,"pfanzeltplatz":30,"neuperlach":29,"hachingerbach":20,"ramersdorf":18,"neubiberg":13,"kirche":11,"stmichael":11,"immobilien":11,"ottobrunn":10,"nature":10},"relative_amount":{"altperlach":1.0,"perlach":0.3973509934,"pfanzeltplatz":0.1986754967,"neuperlach":0.1920529801,"hachingerbach":0.1324503311,"ramersdorf":0.119205298,"neubiberg":0.0860927152,"kirche":0.0728476821,"stmichael":0.0728476821,"immobilien":0.0728476821,"ottobrunn":0.0662251656,"nature":0.0662251656}}