{"count":{"daglfing":392,"trabrennbahn":43,"bogenhausen":42,"flohmarkt":40,"englschalking":29,"johanneskirchen":27,"riem":27,"nature":26,"trudering":20,"denning":19,"fleamarket":19,"pferd":17,"natur":16,"traber":15,"pferde":15,"rennbahn":15,"horseracing":15,"trabrennbahndaglfing":14,"trabrennen":14,"oberf\u00f6hring":13,"sbahn":13,"pferderennen":13,"horses":13,"horse":12,"pferdesport":11,"vintage":10,"aschheim":10,"schwabing":10},"relative_amount":{"daglfing":1.0,"trabrennbahn":0.1096938776,"bogenhausen":0.1071428571,"flohmarkt":0.1020408163,"englschalking":0.0739795918,"johanneskirchen":0.068877551,"riem":0.068877551,"nature":0.0663265306,"trudering":0.0510204082,"denning":0.0484693878,"fleamarket":0.0484693878,"pferd":0.0433673469,"natur":0.0408163265,"traber":0.0382653061,"pferde":0.0382653061,"rennbahn":0.0382653061,"horseracing":0.0382653061,"trabrennbahndaglfing":0.0357142857,"trabrennen":0.0357142857,"oberf\u00f6hring":0.0331632653,"sbahn":0.0331632653,"pferderennen":0.0331632653,"horses":0.0331632653,"horse":0.0306122449,"pferdesport":0.0280612245,"vintage":0.0255102041,"aschheim":0.0255102041,"schwabing":0.0255102041}}