{"count":{"harras":565,"sendling":186,"westpark":28,"architecture":25,"ubahn":23,"art":22,"amharras":19,"streetart":19,"mvg":19,"streetphotography":18,"christkindlmarkt":18,"giesing":17,"gl\u00fchwein":17,"weihnachtsmarkt":17,"beer":17,"food":16,"graffiti":15,"flowers":14,"sbahn":14,"city":14,"kaffee":13,"marienplatz":13,"isar":13,"schwabing":12,"bier":12,"night":12,"architektur":12,"dahoam":11,"underground":11,"sonne":10,"bus":10,"essen":10,"oktoberfest":10,"fr\u00fchst\u00fcck":10,"foodporn":10,"travel":10,"church":10,"berlin":10,"family":10},"relative_amount":{"harras":1.0,"sendling":0.3292035398,"westpark":0.0495575221,"architecture":0.0442477876,"ubahn":0.0407079646,"art":0.0389380531,"amharras":0.0336283186,"streetart":0.0336283186,"mvg":0.0336283186,"streetphotography":0.0318584071,"christkindlmarkt":0.0318584071,"giesing":0.0300884956,"gl\u00fchwein":0.0300884956,"weihnachtsmarkt":0.0300884956,"beer":0.0300884956,"food":0.0283185841,"graffiti":0.0265486726,"flowers":0.0247787611,"sbahn":0.0247787611,"city":0.0247787611,"kaffee":0.0230088496,"marienplatz":0.0230088496,"isar":0.0230088496,"schwabing":0.0212389381,"bier":0.0212389381,"night":0.0212389381,"architektur":0.0212389381,"dahoam":0.0194690265,"underground":0.0194690265,"sonne":0.017699115,"bus":0.017699115,"essen":0.017699115,"oktoberfest":0.017699115,"fr\u00fchst\u00fcck":0.017699115,"foodporn":0.017699115,"travel":0.017699115,"church":0.017699115,"berlin":0.017699115,"family":0.017699115}}