{"count":{"harthof":172,"hasenbergl":28,"milbertshofen":19,"amhart":17,"feldmoching":14,"moosach":13,"schwabing":11,"pasing":11},"relative_amount":{"harthof":1.0,"hasenbergl":0.1627906977,"milbertshofen":0.1104651163,"amhart":0.0988372093,"feldmoching":0.0813953488,"moosach":0.0755813953,"schwabing":0.0639534884,"pasing":0.0639534884}}