{"count":{"lochhausen":414,"aubing":122,"langwied":77,"gr\u00f6benzell":76,"puchheim":72,"pasing":60,"olching":53,"germering":46,"aubingerlohe":42,"nature":40,"f\u00fcrstenfeldbruck":34,"obermenzing":33,"neuaubing":31,"allach":28,"eichenau":27,"maisach":26,"freiham":25,"dachau":25,"laim":24,"untermenzing":23,"natur":20,"beerencafe":19,"moosach":18,"sonne":17,"gr\u00e4felfing":17,"immobilien":16,"westkreuz":15,"tradition":14,"familie":14,"ffb":14,"spa\u00df":13,"freude":13,"starnberg":13,"kinder":12,"garten":12,"naturephotography":12,"immobilienmakler":12,"motivation":11,"emmering":11,"wald":11,"neubau":11,"karlsfeld":11,"m\u00fcnchnerwesten":11,"nymphenburg":11,"fasching":10,"advent":10,"landscape":10,"outdoor":10,"see":10,"langwiedersee":10,"realestate":10,"gro":10,"esting":10,"gilching":10,"b\u00f6hmerweiher":10},"relative_amount":{"lochhausen":1.0,"aubing":0.2946859903,"langwied":0.1859903382,"gr\u00f6benzell":0.1835748792,"puchheim":0.1739130435,"pasing":0.1449275362,"olching":0.1280193237,"germering":0.1111111111,"aubingerlohe":0.1014492754,"nature":0.0966183575,"f\u00fcrstenfeldbruck":0.0821256039,"obermenzing":0.0797101449,"neuaubing":0.0748792271,"allach":0.0676328502,"eichenau":0.0652173913,"maisach":0.0628019324,"freiham":0.0603864734,"dachau":0.0603864734,"laim":0.0579710145,"untermenzing":0.0555555556,"natur":0.0483091787,"beerencafe":0.0458937198,"moosach":0.0434782609,"sonne":0.0410628019,"gr\u00e4felfing":0.0410628019,"immobilien":0.038647343,"westkreuz":0.0362318841,"tradition":0.0338164251,"familie":0.0338164251,"ffb":0.0338164251,"spa\u00df":0.0314009662,"freude":0.0314009662,"starnberg":0.0314009662,"kinder":0.0289855072,"garten":0.0289855072,"naturephotography":0.0289855072,"immobilienmakler":0.0289855072,"motivation":0.0265700483,"emmering":0.0265700483,"wald":0.0265700483,"neubau":0.0265700483,"karlsfeld":0.0265700483,"m\u00fcnchnerwesten":0.0265700483,"nymphenburg":0.0265700483,"fasching":0.0241545894,"advent":0.0241545894,"landscape":0.0241545894,"outdoor":0.0241545894,"see":0.0241545894,"langwiedersee":0.0241545894,"realestate":0.0241545894,"gro":0.0241545894,"esting":0.0241545894,"gilching":0.0241545894,"b\u00f6hmerweiher":0.0241545894}}