{"count":{"ludwigsvorstadt":442,"isarvorstadt":167,"theresienwiese":69,"maxvorstadt":52,"schwabing":44,"sendling":42,"glockenbachviertel":39,"lehel":33,"isar":31,"architecture":30,"bogenhausen":29,"haidhausen":28,"schwanthalerh\u00f6he":25,"pasing":24,"wiesn":24,"nymphenburg":23,"giesing":23,"streetart":23,"paulskirche":23,"neuhausen":21,"graffiti":21,"streetphotography":20,"architektur":20,"immobilien":20,"oktoberfest":19,"munichfood":18,"laim":18,"schlachthofviertel":18,"art":18,"immobilienmakler":18,"stpaul":16,"aubing":16,"kirche":16,"obermenzing":15,"westend":15,"ludwigsvorstadtisarvorstadt":15,"church":15,"glockenbach":14,"realestate":14,"hackerbr\u00fccke":14,"food":13,"goetheplatz":13,"bier":12,"altstadt":12,"biergarten":12,"lindwurmstrasse":12,"g\u00e4rtnerplatz":12,"city":12,"wohnung":12,"moosach":11,"restaurant":11,"instafood":11,"innenstadt":11,"urban":11,"hauptbahnhof":11,"dreim\u00fchlenviertel":11,"visitmunich":11,"solln":10,"sonne":10,"spaziergang":10,"kultur":10,"meinm\u00fcnchen":10,"streetsofmunich":10,"sendlingertor":10,"fassade":10,"gr\u00fcnwald":10,"immobilienverkauf":10},"relative_amount":{"ludwigsvorstadt":1.0,"isarvorstadt":0.3778280543,"theresienwiese":0.1561085973,"maxvorstadt":0.1176470588,"schwabing":0.0995475113,"sendling":0.0950226244,"glockenbachviertel":0.0882352941,"lehel":0.0746606335,"isar":0.0701357466,"architecture":0.0678733032,"bogenhausen":0.0656108597,"haidhausen":0.0633484163,"schwanthalerh\u00f6he":0.056561086,"pasing":0.0542986425,"wiesn":0.0542986425,"nymphenburg":0.0520361991,"giesing":0.0520361991,"streetart":0.0520361991,"paulskirche":0.0520361991,"neuhausen":0.0475113122,"graffiti":0.0475113122,"streetphotography":0.0452488688,"architektur":0.0452488688,"immobilien":0.0452488688,"oktoberfest":0.0429864253,"munichfood":0.0407239819,"laim":0.0407239819,"schlachthofviertel":0.0407239819,"art":0.0407239819,"immobilienmakler":0.0407239819,"stpaul":0.036199095,"aubing":0.036199095,"kirche":0.036199095,"obermenzing":0.0339366516,"westend":0.0339366516,"ludwigsvorstadtisarvorstadt":0.0339366516,"church":0.0339366516,"glockenbach":0.0316742081,"realestate":0.0316742081,"hackerbr\u00fccke":0.0316742081,"food":0.0294117647,"goetheplatz":0.0294117647,"bier":0.0271493213,"altstadt":0.0271493213,"biergarten":0.0271493213,"lindwurmstrasse":0.0271493213,"g\u00e4rtnerplatz":0.0271493213,"city":0.0271493213,"wohnung":0.0271493213,"moosach":0.0248868778,"restaurant":0.0248868778,"instafood":0.0248868778,"innenstadt":0.0248868778,"urban":0.0248868778,"hauptbahnhof":0.0248868778,"dreim\u00fchlenviertel":0.0248868778,"visitmunich":0.0248868778,"solln":0.0226244344,"sonne":0.0226244344,"spaziergang":0.0226244344,"kultur":0.0226244344,"meinm\u00fcnchen":0.0226244344,"streetsofmunich":0.0226244344,"sendlingertor":0.0226244344,"fassade":0.0226244344,"gr\u00fcnwald":0.0226244344,"immobilienverkauf":0.0226244344}}