{"count":{"messestadtriem":117,"riem":42,"messestadt":29,"messestadtm\u00fcnchen":18,"architecture":16,"riemarcaden":13,"messestadtost":13,"riemerpark":12,"messestadtwest":12,"riemersee":11,"messem\u00fcnchen":10},"relative_amount":{"messestadtriem":1.0,"riem":0.358974359,"messestadt":0.2478632479,"messestadtm\u00fcnchen":0.1538461538,"architecture":0.1367521368,"riemarcaden":0.1111111111,"messestadtost":0.1111111111,"riemerpark":0.1025641026,"messestadtwest":0.1025641026,"riemersee":0.094017094,"messem\u00fcnchen":0.0854700855}}