{"count":{"neuaubing":392,"aubing":121,"pasing":69,"freiham":64,"germering":48,"westkreuz":44,"lochhausen":30,"gilching":26,"gr\u00e4felfing":24,"laim":23,"puchheim":20,"starnberg":20,"langwied":20,"fitness":19,"gauting":18,"sonne":16,"f\u00fcrstenfeldbruck":16,"nature":15,"planegg":14,"natur":14,"esvneuaubing":14,"sport":13,"obermenzing":13,"training":13,"team":13,"fussball":13,"schwabing":13,"m\u00fcnchnerwesten":13,"kinder":12,"herrsching":12,"art":12,"olching":11,"gra":10,"eichenau":10,"gr\u00f6benzell":10,"allach":10,"alling":10,"aubingerlohe":10,"baustelle":10,"architecture":10,"lecker":10},"relative_amount":{"neuaubing":1.0,"aubing":0.3086734694,"pasing":0.1760204082,"freiham":0.1632653061,"germering":0.1224489796,"westkreuz":0.112244898,"lochhausen":0.0765306122,"gilching":0.0663265306,"gr\u00e4felfing":0.0612244898,"laim":0.0586734694,"puchheim":0.0510204082,"starnberg":0.0510204082,"langwied":0.0510204082,"fitness":0.0484693878,"gauting":0.0459183673,"sonne":0.0408163265,"f\u00fcrstenfeldbruck":0.0408163265,"nature":0.0382653061,"planegg":0.0357142857,"natur":0.0357142857,"esvneuaubing":0.0357142857,"sport":0.0331632653,"obermenzing":0.0331632653,"training":0.0331632653,"team":0.0331632653,"fussball":0.0331632653,"schwabing":0.0331632653,"m\u00fcnchnerwesten":0.0331632653,"kinder":0.0306122449,"herrsching":0.0306122449,"art":0.0306122449,"olching":0.0280612245,"gra":0.0255102041,"eichenau":0.0255102041,"gr\u00f6benzell":0.0255102041,"allach":0.0255102041,"alling":0.0255102041,"aubingerlohe":0.0255102041,"baustelle":0.0255102041,"architecture":0.0255102041,"lecker":0.0255102041}}