{"count":{"oberf\u00f6hring":367,"isar":123,"bogenhausen":68,"englischergarten":66,"unterf\u00f6hring":54,"oberfo":37,"ismaning":34,"stauwehr":33,"schwabing":28,"nature":26,"river":25,"johanneskirchen":21,"natur":18,"stauwehroberf\u00f6hring":18,"naturephotography":17,"stemmeram":17,"isarwehr":17,"daglfing":15,"isarkanal":15,"fluss":15,"architecture":15,"prinzeugenpark":14,"sonne":14,"isarauen":14,"oberf\u00f6hringerwehr":14,"lehel":13,"pharaohaus":13,"trudering":13,"garching":13,"aschheim":13,"sonnenuntergang":13,"isarm\u00fcnchen":13,"art":12,"unterfo":11,"haidhausen":11,"maxvorstadt":11,"biergarten":11,"englischergartenm\u00fcnchen":11,"b\u00fcrgerpark":11,"sport":11,"herzogpark":10,"wasser":10,"denning":10,"sunshine":10,"graffiti":10,"isarliebe":10,"bridge":10,"wehr":10},"relative_amount":{"oberf\u00f6hring":1.0,"isar":0.3351498638,"bogenhausen":0.1852861035,"englischergarten":0.1798365123,"unterf\u00f6hring":0.1471389646,"oberfo":0.1008174387,"ismaning":0.0926430518,"stauwehr":0.0899182561,"schwabing":0.0762942779,"nature":0.0708446866,"river":0.068119891,"johanneskirchen":0.0572207084,"natur":0.0490463215,"stauwehroberf\u00f6hring":0.0490463215,"naturephotography":0.0463215259,"stemmeram":0.0463215259,"isarwehr":0.0463215259,"daglfing":0.0408719346,"isarkanal":0.0408719346,"fluss":0.0408719346,"architecture":0.0408719346,"prinzeugenpark":0.038147139,"sonne":0.038147139,"isarauen":0.038147139,"oberf\u00f6hringerwehr":0.038147139,"lehel":0.0354223433,"pharaohaus":0.0354223433,"trudering":0.0354223433,"garching":0.0354223433,"aschheim":0.0354223433,"sonnenuntergang":0.0354223433,"isarm\u00fcnchen":0.0354223433,"art":0.0326975477,"unterfo":0.029972752,"haidhausen":0.029972752,"maxvorstadt":0.029972752,"biergarten":0.029972752,"englischergartenm\u00fcnchen":0.029972752,"b\u00fcrgerpark":0.029972752,"sport":0.029972752,"herzogpark":0.0272479564,"wasser":0.0272479564,"denning":0.0272479564,"sunshine":0.0272479564,"graffiti":0.0272479564,"isarliebe":0.0272479564,"bridge":0.0272479564,"wehr":0.0272479564}}