{"count":{"waldtrudering":225,"trudering":75,"wald":26,"haar":20,"immobilienmakler":20,"nature":19,"immobilien":19,"riem":18,"natur":14,"forest":14,"realestate":14,"ottobrunn":13,"naturephotography":12,"garten":12,"vaterstetten":11,"m\u00fcnchenost":10,"waldperlach":10,"perlach":10,"neuperlach":10,"neubau":10},"relative_amount":{"waldtrudering":1.0,"trudering":0.3333333333,"wald":0.1155555556,"haar":0.0888888889,"immobilienmakler":0.0888888889,"nature":0.0844444444,"immobilien":0.0844444444,"riem":0.08,"natur":0.0622222222,"forest":0.0622222222,"realestate":0.0622222222,"ottobrunn":0.0577777778,"naturephotography":0.0533333333,"garten":0.0533333333,"vaterstetten":0.0488888889,"m\u00fcnchenost":0.0444444444,"waldperlach":0.0444444444,"perlach":0.0444444444,"neuperlach":0.0444444444,"neubau":0.0444444444}}