{"count":{"westkreuz":156,"aubing":53,"pasing":45,"neuaubing":34,"freiham":20,"germering":17,"lochhausen":11,"langwied":11,"laim":11,"sbahn":10},"relative_amount":{"westkreuz":1.0,"aubing":0.3397435897,"pasing":0.2884615385,"neuaubing":0.2179487179,"freiham":0.1282051282,"germering":0.108974359,"lochhausen":0.0705128205,"langwied":0.0705128205,"laim":0.0705128205,"sbahn":0.0641025641}}